cohort_month,retention_3m,retention_6m,retention_12m
2014-01-01,99.8470363288719,99.65583173996177,99.31166347992352
2014-02-01,100.0,100.0,100.0
2014-03-01,100.0,100.0,100.0
2014-04-01,100.0,100.0,100.0
2014-05-01,98.9247311827957,98.9247311827957,98.9247311827957
2014-06-01,100.0,100.0,99.10714285714286
2014-07-01,100.0,98.24561403508771,98.24561403508771
2014-08-01,99.07407407407408,99.07407407407408,99.07407407407408
2014-09-01,99.09909909909909,99.09909909909909,98.1981981981982
2014-10-01,100.0,100.0,99.15966386554622
2014-11-01,100.0,99.11504424778761,99.11504424778761
2014-12-01,100.0,100.0,100.0
2015-01-01,99.13793103448276,96.55172413793103,95.6896551724138
2015-02-01,99.0909090909091,99.0909090909091,99.0909090909091
2015-03-01,100.0,100.0,100.0
2015-04-01,100.0,99.1304347826087,98.26086956521739
2015-05-01,100.0,100.0,99.06542056074767
2015-06-01,100.0,100.0,100.0
2015-07-01,100.0,99.15966386554622,98.31932773109243
2015-08-01,100.0,100.0,100.0
2015-09-01,99.0909090909091,98.18181818181819,97.27272727272728
2015-10-01,97.95918367346938,97.95918367346938,97.95918367346938
2015-11-01,98.33333333333333,98.33333333333333,96.66666666666667
2015-12-01,100.0,100.0,100.0
2016-01-01,100.0,100.0,99.11504424778761
2016-02-01,100.0,100.0,97.9381443298969
2016-03-01,100.0,100.0,100.0
2016-04-01,99.0909090909091,98.18181818181819,97.27272727272728
2016-05-01,100.0,100.0,100.0
2016-06-01,98.18181818181819,97.27272727272728,97.27272727272728
2016-07-01,100.0,99.12280701754386,99.12280701754386
2016-08-01,100.0,100.0,100.0
2016-09-01,100.0,100.0,100.0
2016-10-01,100.0,100.0,99.02912621359224
2016-11-01,100.0,100.0,99.02912621359224
2016-12-01,100.0,100.0,100.0
2017-01-01,99.19354838709677,98.38709677419355,97.58064516129032
2017-02-01,100.0,100.0,100.0
2017-03-01,100.0,100.0,98.9247311827957
2017-04-01,100.0,99.13793103448276,98.27586206896551
2017-05-01,99.14529914529915,98.29059829059828,97.43589743589743
2017-06-01,100.0,100.0,100.0
2017-07-01,100.0,99.12280701754386,98.24561403508771
2017-08-01,99.12280701754386,98.24561403508771,96.49122807017544
2017-09-01,100.0,99.03846153846155,99.03846153846155
2017-10-01,99.24242424242425,97.72727272727273,97.72727272727273
2017-11-01,100.0,100.0,100.0
2017-12-01,100.0,99.25373134328358,98.50746268656717
2018-01-01,100.0,98.27586206896551,97.41379310344827
2018-02-01,100.0,99.1304347826087,98.26086956521739
2018-03-01,99.09909909909909,99.09909909909909,98.1981981981982
2018-04-01,99.09909909909909,99.09909909909909,98.1981981981982
2018-05-01,100.0,100.0,99.0909090909091
2018-06-01,100.0,99.17355371900827,99.17355371900827
2018-07-01,100.0,100.0,99.00990099009901
2018-08-01,98.80952380952381,97.61904761904762,97.61904761904762
2018-09-01,99.10714285714286,99.10714285714286,99.10714285714286
2018-10-01,100.0,100.0,99.19354838709677
2018-11-01,100.0,98.38709677419355,96.7741935483871
2018-12-01,99.1869918699187,99.1869918699187,99.1869918699187
2019-01-01,98.01980198019803,98.01980198019803,96.03960396039604
2019-02-01,99.13793103448276,98.27586206896551,98.27586206896551
2019-03-01,100.0,96.7479674796748,95.9349593495935
2019-04-01,100.0,100.0,100.0
2019-05-01,100.0,99.16666666666667,96.66666666666667
2019-06-01,100.0,99.04761904761905,99.04761904761905
2019-07-01,99.06542056074767,96.26168224299066,95.32710280373831
2019-08-01,99.06542056074767,99.06542056074767,95.32710280373831
2019-09-01,100.0,100.0,100.0
2019-10-01,100.0,100.0,100.0
2019-11-01,100.0,99.05660377358491,98.11320754716981
2019-12-01,99.15254237288136,99.15254237288136,96.61016949152543
2020-01-01,100.0,99.02912621359224,98.05825242718447
2020-02-01,100.0,100.0,96.62921348314607
2020-03-01,100.0,99.20634920634922,98.4126984126984
2020-04-01,100.0,100.0,96.22641509433963
2020-05-01,100.0,100.0,99.11504424778761
2020-06-01,100.0,98.13084112149532,97.19626168224299
2020-07-01,99.1304347826087,99.1304347826087,97.3913043478261
2020-08-01,99.01960784313727,99.01960784313727,97.05882352941177
2020-09-01,99.24242424242425,97.72727272727273,96.96969696969697
2020-10-01,99.0,97.0,96.0
2020-11-01,98.27586206896551,98.27586206896551,97.41379310344827
2020-12-01,100.0,100.0,99.0
2021-01-01,100.0,99.20634920634922,97.61904761904762
2021-02-01,100.0,99.08256880733946,98.1651376146789
2021-03-01,100.0,100.0,95.86776859504133
2021-04-01,99.02912621359224,98.05825242718447,98.05825242718447
2021-05-01,100.0,100.0,100.0
2021-06-01,100.0,100.0,99.06542056074767
2021-07-01,100.0,98.3739837398374,96.7479674796748
2021-08-01,98.91304347826086,98.91304347826086,97.82608695652173
2021-09-01,100.0,99.02912621359224,96.11650485436894
2021-10-01,98.86363636363636,98.86363636363636,97.72727272727273
2021-11-01,100.0,99.04761904761905,95.23809523809523
2021-12-01,100.0,99.0909090909091,94.54545454545455
2022-01-01,98.44961240310077,96.89922480620154,95.34883720930233
2022-02-01,96.96969696969697,94.94949494949495,92.92929292929293
2022-03-01,98.33333333333333,98.33333333333333,96.66666666666667
2022-04-01,100.0,99.1304347826087,98.26086956521739
2022-05-01,99.19354838709677,99.19354838709677,97.58064516129032
2022-06-01,98.1651376146789,95.41284403669725,92.66055045871559
2022-07-01,99.01960784313727,98.0392156862745,95.09803921568627
2022-08-01,99.0,96.0,96.0
2022-09-01,100.0,98.9795918367347,95.91836734693877
2022-10-01,99.13793103448276,97.41379310344827,93.96551724137932
2022-11-01,100.0,98.34710743801654,95.0413223140496
2022-12-01,98.9795918367347,97.95918367346938,95.91836734693877
2023-01-01,99.16666666666667,99.16666666666667,99.16666666666667
2023-02-01,100.0,99.04761904761905,98.09523809523809
2023-03-01,98.9795918367347,93.87755102040816,89.79591836734694
2023-04-01,96.80851063829788,94.68085106382979,90.42553191489363
2023-05-01,99.21875,95.3125,87.5
2023-06-01,97.16981132075472,95.28301886792453,89.62264150943396
2023-07-01,96.49122807017544,93.85964912280701,83.33333333333334
2023-08-01,96.52173913043478,93.04347826086956,86.08695652173914
2023-09-01,98.09523809523809,94.28571428571428,90.47619047619048
2023-10-01,98.50746268656717,94.77611940298507,89.55223880597015
2023-11-01,96.58119658119658,94.87179487179486,87.17948717948718
2023-12-01,98.29059829059828,97.43589743589743,89.74358974358975
2024-01-01,98.1981981981982,94.5945945945946,83.78378378378379
2024-02-01,97.22222222222221,89.81481481481481,81.48148148148148
2024-03-01,98.07692307692307,94.23076923076923,86.53846153846155
2024-04-01,94.64285714285714,88.39285714285714,80.35714285714286
2024-05-01,97.41379310344827,91.37931034482759,84.48275862068965
2024-06-01,97.22222222222221,93.51851851851852,84.25925925925925
2024-07-01,92.74193548387096,91.12903225806451,83.87096774193549
2024-08-01,96.66666666666667,91.66666666666666,81.66666666666667
2024-09-01,92.7927927927928,88.28828828828829,78.37837837837837
2024-10-01,95.65217391304348,88.69565217391305,75.65217391304347
2024-11-01,96.3302752293578,93.57798165137615,76.14678899082568
2024-12-01,93.51851851851852,88.88888888888889,78.70370370370371
2025-01-01,98.09523809523809,87.61904761904762,67.61904761904762
2025-02-01,91.81818181818183,82.72727272727273,67.27272727272727
2025-03-01,93.16239316239316,84.61538461538461,73.50427350427351
2025-04-01,93.93939393939394,84.84848484848484,
2025-05-01,94.64285714285714,87.5,
2025-06-01,82.2429906542056,73.83177570093457,
2025-07-01,89.34426229508196,77.8688524590164,
2025-08-01,90.9090909090909,76.03305785123968,
2025-09-01,84.54545454545455,71.81818181818181,
2025-10-01,85.49618320610686,,
2025-11-01,79.64601769911505,,
2025-12-01,77.14285714285715,,
2026-01-01,,,
2026-02-01,,,
2026-03-01,,,
